train_step,split,policy,episodes,episode_reward_mean,episode_reward_std,fuel_kg_mean,fuel_kg_std,SOC_corrected_fuel_kg_mean,SOC_corrected_fuel_kg_std,final_SOC_error_mean,final_SOC_error_std,SOC_RMSE_mean,SOC_RMSE_std,engine_switch_count_mean,engine_switch_count_std,battery_energy_throughput_kWh_mean,battery_energy_throughput_kWh_std,constraint_violation_steps_mean,constraint_violation_steps_std
6000,heldout_evaluation,latent_sac_adapter,8,-3.017645461784962,3.772470136780731,0.062107087710809784,0.06385932806953594,0.06568333678146844,0.0650229218331187,-0.022146253504226887,0.042551965254477964,0.042599550264897854,0.02152840373622437,7.5,6.519202405202649,0.28287113047177503,0.20063643441172138,0.375,0.6959705453537527
6000,heldout_evaluation,map_rule_zero_offset,8,-4.405808001107419,7.036739671996356,0.05783619398075511,0.06287316323128109,0.06364113863417109,0.06467985883818984,-0.035947657261153704,0.042029995489547334,0.0516991185449302,0.020235359451022367,5.875,5.967359131140006,0.30667448800605984,0.21913827903094504,0.625,1.3169567191065923
6000,meta_validation,latent_sac_adapter,8,-2.048887912616136,1.9241934421475941,0.10184270196813085,0.0495029547409198,0.11015261448914376,0.052847262629772324,-0.051459902722717,0.02630023783612422,0.050883631247447075,0.016738386653719038,13.0,6.164414002968976,0.2504798086323623,0.07761790857929318,0.125,0.33071891388307384
6000,meta_validation,map_rule_zero_offset,8,-3.5380846792644367,5.299420761314993,0.0964804105567418,0.050385849042047806,0.10868382506626828,0.05296687803330647,-0.07557077429603057,0.02941367712549785,0.06393449809604278,0.02030305715691472,11.0,5.361902647381804,0.2993153378651938,0.08464093463410124,0.375,0.9921567416492215
6000,meta_validation,latent_sac_adapter_minus_zero_offset,8,1.4891967666483008,3.391655970517203,0.005362291411389041,0.003467899608276067,0.0014687894228754802,0.0018253950026489952,0.024110871573313576,0.012372777283608704,-0.013050866848595702,0.007507648882010753,2.0,1.8027756377319946,-0.04883552923283149,0.021812685799946722,-0.25,0.6614378277661477
6000,heldout_evaluation,latent_sac_adapter_minus_zero_offset,8,1.3881625393224575,3.5058970984235187,0.004270893730054669,0.003717633819626294,0.0020421981472973486,0.002016195011745363,0.013801403756926817,0.011983293465998553,-0.009099568280032347,0.013131372903353694,1.625,1.4086784586980805,-0.02380335753428479,0.025706836249062715,-0.25,0.6614378277661477
