cycle,status,fuel_term,soc_term,switching_term,constraint_term,battery_term,total_reconstructed,total_logged,notes
urban,PASS,-0.07667859897856281,-0.5047559411633482,-0.32,0,-0.23369636249780787,-1.135130902639719,-1.1351309026397185,abs reconstruction error 4.44e-16
highway,PASS,-0.20330290708489276,-1.8568805413104643,-0.1,0,-0.4065420726455307,-2.566725521040888,-2.5667255210408877,abs reconstruction error 4.44e-16
high_load,PASS,-0.32866658294031686,-0.6255497489274544,-0.18000000000000002,0,-0.278640261249164,-1.4128565931169352,-1.4128565931169352,abs reconstruction error 0
low_SOC_urban,PASS,-0.09717516100007483,-1.3379666296892199,-0.34,0,-0.26927046777495567,-2.0444122584642503,-2.0444122584642503,abs reconstruction error 0
low_SOC_high_load,PASS,-0.3520762616978892,-1.0114460475137026,-0.16,0,-0.32126397676305296,-1.8447862859746447,-1.8447862859746444,abs reconstruction error 2.22e-16
SOC_recovery_test,PASS,-0.18292097343438207,-1.2821245093482312,-0.14,0,-0.37402228888255545,-1.979067771665169,-1.9790677716651688,abs reconstruction error 2.22e-16
